Content Creation @ostadsgo,2025-01-11 20:30:00+00:00,2025-01-11 22:30:00+00:00,"Categories: Business, Content Creation
Project: None 
Area: Ostadsgo
Color: Banana",None
Content creation: Instagram post @ostadsgo,2025-01-15 16:30:00+00:00,2025-01-15 18:30:00+00:00,"Categories: Business, Content Creation
Project: None 
Area: Ostadsgo
Color: Banana",None
CC: set theory  @ostadsgo,2025-01-16 01:30:00+00:00,2025-01-16 03:30:00+00:00,"Categories: Business, Content Creation
Project: None 
Area: Ostadsgo
Color: Banana",None
